IPT0041,IPT,Infrastructure,ALF,SUPPLIER A,ProLiant DL360p Gen8,ZC3451KPMS,Virtual,Linux,Linux SUSE,64,11 (64-bit),PRD
IPT0117,IPT,Infrastructure,ALF,SUPPLIER A,ProLiant DL360p Gen8,ZC3451KPMS,Fisica,Vmware,VMware ESXi 5.5.0 build-2718055,64,5.5.0 build-2718055,PRD
IPT0033,IPT,Infrastructure,ALF,SUPPLIER A,NetBackup 5230,SYM1101951,Fisica,linux,Appliance Version: 3.0 Build Date: 9107920161119202719,64,3.0 Build Date: 9107920161119202719,QUA
IPT0030,IPT,Infrastructure,NCI,SUPPLIER A,NETBACKUP APPLIANCE,SYM0700423,Fisica,linux,Appliance Version: 2.6.0.4 Build Date: 20141027,64,2.6.0.4 Build Date: 20141027,QUA
IPT0032,IPT,Infrastructure,NCI,SUPPLIER A,NETBACKUP APPLIANCE,SYM0700422,Fisica,linux,Appliance Version: 3.0 Build Date: 9107920161119202719,64,3.0 Build Date: 9107920161119202719,QUA
IPT0031,IPT,Infrastructure,ALF,SUPPLIER A,NetBackup 5230,SYM0500373,Fisica,linux,Appliance Version: 2.6.0.4 Build Date: 20141027,64,2.6.0.4 Build Date: 20141027,QUA
IPT0291,IPT,Infrastructure,ALF,SUPPLIER A,System x3650 M4 : -[7915M2G]-,KQ6R2NP,Fisica,VMWARE,VMware ESXi 6.0.0 build-13003896,64,6.0.0 build-13003896,PRD
IPT0292,IPT,Infrastructure,ALF,SUPPLIER A,System x3650 M4 : -[7915M2G]-,KQ6R2NL,Fisica,VMWARE,VMware ESXi 6.0.0 build-13003896,64,6.0.0 build-13003896,PRD
IPT0003,IPT,Infrastructure,ALF,SUPPLIER A,System x3550,KDZRRRY,Fisica,windows,Windows 2003,64,2003 R2 Enterprise Edition,PRD
IPT0038,IPT,infrastructure,ALF,SUPPLIER A,ProLiant DL360p Gen8,H849NP1350,Virtual,Linux,Linux SUSE,64,11 (64-bit),PRD
IPT0043,IPT,Infrastructure,ALF,SUPPLIER A,ProLiant DL360p Gen8,H849NP1350,Virtual,Linux,Linux SUSE,64,11 (64-bit),PRD
IPT0183,IPT,Infrastructure,ALF,SUPPLIER A,ProLiant DL360p Gen8,H849NP1350,Virtual,Windows,Windows 2012,64,2012 (64-bit),PRD
IPT0349,IPT,Infrastructure,NCI,SUPPLIER A,B200 M5,FLM241409UM,Virtual,VMWare,VMWARE ESXI SERVER,64, 6.5,PRD
IPT0350,IPT,Infrastructure,NCI,SUPPLIER A,B200 M5,FLM241408DC,Virtual,VMWare,VMWARE ESXI SERVER,64, 6.5,PRD
IPT0297,IPT,Infrastructure,NCI,SUPPLIER A,UCSB-B200-M5,FLM2414086G,Virtual,Linux,Linux CentOS,64,4/5 or later (64-bit),PRD
IPT0316,IPT,Infrastructure,NCI,SUPPLIER A,UCSB-B200-M5,FLM2414086G,Virtual,Linux,Linux RHEL 7,64,7 (64-bit),QUA
IPT0360,IPT,APPLICATION,NCI,SUPPLIER A,UCSB-B200-M5,FLM2414086G,Virtual,Linux,Red Hat Enterprise Linux 7 (64-bit),64,7,PRD
IPT0345,IPT,Infrastructure,NCI,SUPPLIER A,B200 M5,FLM2414086G,Virtual,VMWare,VMWARE ESXI SERVER,64, 6.5,PRD
IPT0332,IPT,Infrastructure,NCI,SUPPLIER A,UCSB-B200-M5,FCH252370DY,Virtual,Linux,Linux RHEL 6,64,8.2,PRD
IPT0310,IPT,Infrastructure,ALF,SUPPLIER A,UCSB-B200-M5,FCH25237082,Virtual,Windows,Windows 2019,64,2019 (64-bit),PRD
IPT0290,IPT,Infrastructure,ALF,SUPPLIER A,UCSB-B200-M5,FCH2523706C,Virtual,Linux,Linux CentOS,64,7 (64-bit),PRD
IPT0329,IPT,Infrastructure,ALF,SUPPLIER A,UCSB-B200-M5,FCH2523706C,Virtual,Linux,Linux CentOS,64,4/5 or later (64-bit),PRD
IPT0263,IPT,Infrastructure,ALF,SUPPLIER A,UCSB-B200-M5,FCH24247B7B,Virtual,Linux,Linux,64,3.x or later Linux (64-bit),PRD
IPT0355,IPT,Infrastructure,ALF,SUPPLIER A,B200 M5,FCH24247B7B,Virtual,VMWare,VMWARE ESXI SERVER,64, 6.5,PRD
IPT0347,IPT,Infrastructure,NCI,SUPPLIER A,B200 M5,FCH24247AXY,Virtual,VMWare,VMWARE ESXI SERVER,64, 6.5,PRD
IPT0261,IPT,Infrastructure,ALF,SUPPLIER A,UCSB-B200-M5,FCH24247AXS,Virtual,Linux,Linux,64,3.x or later Linux (64-bit),PRD
IPT0322,IPT,Infrastructure,ALF,SUPPLIER A,UCSB-B200-M5,FCH24247AXS,Virtual,Linux,Linux RHEL 6,64,7.9,QUA
IPT0305,IPT,Infrastructure,ALF,SUPPLIER A,UCSB-B200-M5,FCH24247AVT,Virtual,Linux,Linux,64,64-bit),PRD
IPT0354,IPT,Infrastructure,ALF,SUPPLIER A,B200 M5,FCH24247AVT,Virtual,VMWare,VMWARE ESXI SERVER,64, 6.5,PRD
IPT0255,IPT,Infrastructure,NCI,SUPPLIER A,UCSB-B200-M5,FCH24247AUY,Virtual,Linux,Linux,64,3.x or later Linux (64-bit),PRD
IPT0339,IPT,Infrastructure,NCI,SUPPLIER A,UCSB-B200-M5,FCH24247AUY,Virtual,Linux,Linux RHEL 7,64,7.8,PRD
IPT0346,IPT,Infrastructure,NCI,SUPPLIER A,B200 M5,FCH24247AUY,Virtual,VMWare,VMWARE ESXI SERVER,64, 6.5,PRD
IPT0288,IPT,Infrastructure,ALF,SUPPLIER A,UCSB-B200-M5,FCH24247AUR,Virtual,Linux,Linux CentOS,64,7 (64-bit),PRD
IPT0330,IPT,Infrastructure,ALF,SUPPLIER A,UCSB-B200-M5,FCH24247AUR,Virtual,Linux,Linux CentOS,64,4/5 or later (64-bit),PRD
IPT0353,IPT,Infrastructure,ALF,SUPPLIER A,B200 M5,FCH24247AUR,Virtual,VMWare,VMWARE ESXI SERVER,64, 6.5,PRD
IPT0356,IPT,Infrastructure,ALF,SUPPLIER A,B200 M5,FCH24247ATN,Virtual,VMWare,VMWARE ESXI SERVER,64, 6.5,PRD
IPT0357,IPT,Infrastructure,ALF,SUPPLIER A,B200 M5,FCH24247AS7,Virtual,VMWare,VMWARE ESXI SERVER,64, 6.5,PRD
IPT0295,IPT,Infrastructure,NCI,SUPPLIER A,UCSB-B200-M5,FCH24247AQW,Virtual,Linux,Linux CentOS,64,4/5 or later (64-bit),PRD
IPT0299,IPT,Infrastructure,NCI,SUPPLIER A,UCSB-B200-M5,FCH24247AQW,Virtual,Linux,Linux CentOS,64,4/5 or later (64-bit),PRD
IPT0344,IPT,Infrastructure,NCI,SUPPLIER A,B200 M5,FCH24247AQW,Virtual,VMWare,VMWARE ESXI SERVER,64, 6.5,PRD
IPT0253,IPT,Infrastructure,NCI,SUPPLIER A,UCSB-B200-M5,FCH240371BS,Virtual,Linux,Linux,64,3.x or later Linux (64-bit),PRD
IPT0296,IPT,Infrastructure,NCI,SUPPLIER A,UCSB-B200-M5,FCH240371BS,Virtual,Linux,Linux CentOS,64,4/5 or later (64-bit),PRD
IPT0298,IPT,Infrastructure,NCI,SUPPLIER A,UCSB-B200-M5,FCH240371BS,Virtual,Linux,Linux CentOS,64,4/5 or later (64-bit),PRD
IPT0334,IPT,Infrastructure,NCI,SUPPLIER A,UCSB-B200-M5,FCH240371BS,Virtual,Windows,Windows 2019,64,2019 (64-bit),PRD
IPT0335,IPT,Infrastructure,NCI,SUPPLIER A,UCSB-B200-M5,FCH240371BS,Virtual,Windows,Windows 2019,64,2019 (64-bit),PRD
IPT0348,IPT,Infrastructure,NCI,SUPPLIER A,B200 M5,FCH240371BS,Virtual,VMWare,VMWARE ESXI SERVER,64, 6.5,PRD
IPT0264,IPT,Infrastructure,ALF,SUPPLIER A,UCSB-B200-M5,FCH230571K2,Virtual,Linux,Linux,64,3.x or later Linux (64-bit),PRD
IPT0282,IPT,Infrastructure,ALF,SUPPLIER A,UCSB-B200-M5,FCH230571K2,Fisica,VMWARE,VMware ESXi 6.5.0 build-13635690,64,6.5.0 build-13635690,PRD
IPT0286,IPT,Infrastructure,ALF,SUPPLIER A,UCSB-B200-M5,FCH230571K2,Virtual,Linux,Linux CentOS,64,7 (64-bit),PRD
IPT0324,IPT,Infrastructure,NCI,SUPPLIER A,UCSB-B200-M5,FCH23057134,Virtual,Windows,Windows 2019,64,2019 (64-bit),QUA
IPT0341,IPT,Infrastructure,NCI,SUPPLIER A,B200 M5,FCH23057134,Virtual,VMWare,VMWARE ESXI SERVER,64, 6.5,PRD
IPT0257,IPT,Infrastructure,NCI,SUPPLIER A,UCSB-B200-M5,FCH2305712W,Virtual,Linux,Linux,64,3.x or later Linux (64-bit),PRD
IPT0275,IPT,Infrastructure,NCI,SUPPLIER A,UCSB-B200-M5,FCH2305712W,Fisica,VMWARE,VMware ESXi 6.5.0 build-13635690,64,6.5.0 build-13635690,PRD
IPT0279,IPT,Infrastructure,ALF,SUPPLIER A,UCSB-B200-M5,FCH230570ZL,Fisica,VMWARE,VMware ESXi 6.5.0 build-13635690,64,6.5.0 build-13635690,PRD
IPT0304,IPT,Infrastructure,ALF,SUPPLIER A,UCSB-B200-M5,FCH230570ZL,Virtual,Linux,Linux,64,unknown,PRD
IPT0338,IPT,Infrastructure,ALF,SUPPLIER A,UCSB-B200-M5,FCH230570ZL,Virtual,Linux,Linux RHEL 7,64,7.8,PRD
IPT0342,IPT,Infrastructure,NCI,SUPPLIER A,B200 M5,FCH230570ZK,Virtual,VMWare,VMWARE ESXI SERVER,64, 6.5,PRD
IPT0278,IPT,Infrastructure,ALF,SUPPLIER A,UCSB-B200-M5,FCH230570V0,Fisica,VMWARE,VMware ESXi 6.5.0 build-13635690,64,6.5.0 build-13635690,PRD
IPT0308,IPT,Infrastructure,ALF,SUPPLIER A,UCSB-B200-M5,FCH230570V0,Virtual,Linux,Linux RHEL 6,64,7.6,PRD
IPT0315,IPT,Infrastructure,ALF,SUPPLIER A,UCSB-B200-M5,FCH230570V0,Virtual,Linux,Linux RHEL 6,64,6 (64-bit),PRD
IPT0318,IPT,Infrastructure,ALF,SUPPLIER A,UCSB-B200-M5,FCH230570V0,Virtual,Linux,Linux RHEL 6,64,6 (64-bit),PRD
IPT0340,IPT,Infrastructure,ALF,SUPPLIER A,UCSB-B200-M5,FCH230570V0,Virtual,Linux,Linux RHEL 7,64,7 (64-bit),PRD
IPT0266,IPT,Infrastructure,ALF,SUPPLIER A,UCSB-B200-M5,FCH23047BUK,Virtual,Linux,Linux,64,3.x or later Linux (64-bit),PRD
IPT0283,IPT,Infrastructure,ALF,SUPPLIER A,UCSB-B200-M5,FCH23047BUK,Fisica,VMWARE,VMware ESXi 6.5.0 build-13635690,64,6.5.0 build-13635690,PRD
IPT0307,IPT,Infrastructure,ALF,SUPPLIER A,UCSB-B200-M5,FCH23047BUK,Virtual,Linux,Linux,64,64-bit),PRD
IPT0265,IPT,Infrastructure,ALF,SUPPLIER A,UCSB-B200-M5,FCH23047B9W,Virtual,Linux,Linux,64,3.x or later Linux (64-bit),PRD
IPT0281,IPT,Infrastructure,ALF,SUPPLIER A,UCSB-B200-M5,FCH23047B9W,Fisica,VMWARE,VMware ESXi 6.5.0 build-13635690,64,6.5.0 build-13635690,PRD
IPT0284,IPT,Infrastructure,ALF,SUPPLIER A,UCSB-B200-M5,FCH23047B9W,Virtual,Linux,CentOS 6 (64-bit),64,6 (64-bit),PRD
IPT0287,IPT,Infrastructure,ALF,SUPPLIER A,UCSB-B200-M5,FCH23047B9W,Virtual,Linux,CentOS 7 (64-bit),64,7 (64-bit),PRD
IPT0306,IPT,Infrastructure,ALF,SUPPLIER A,UCSB-B200-M5,FCH23047B9W,Virtual,Linux,Linux,64,unknown,PRD
IPT0309,IPT,Infrastructure,ALF,SUPPLIER A,UCSB-B200-M5,FCH23047B9W,Virtual,Linux,Linux RHEL 6,64,7.6,PRD
IPT0260,IPT,Infrastructure,ALF,SUPPLIER A,UCSB-B200-M5,FCH23047B46,Virtual,Linux,Linux CentOS,64,7 (64-bit),PRD
IPT0280,IPT,Infrastructure,ALF,SUPPLIER A,UCSB-B200-M5,FCH23047B46,Fisica,VMWARE,VMware ESXi 6.5.0 build-13635690,64,6.5.0 build-13635690,PRD
IPT0321,IPT,Infrastructure,ALF,SUPPLIER A,UCSB-B200-M5,FCH23047B46,Virtual,Windows,Windows 2019,64,2019 (64-bit),PRD
IPT0333,IPT,Infrastructure,ALF,SUPPLIER A,UCSB-B200-M5,FCH23047B46,Virtual,Windows,Windows 2019,64,2019 (64-bit),PRD
IPT0336,IPT,Infrastructure,ALF,SUPPLIER A,UCSB-B200-M5,FCH23047B46,Virtual,Linux,Linux RHEL 6,64,6.10,PRD
IPT0277,IPT,Infrastructure,ALF,SUPPLIER A,UCSB-B200-M5,FCH230475P7,Fisica,VMWARE,VMware ESXi 6.5.0 build-13635690,64,6.5.0 build-13635690,PRD
IPT0285,IPT,Infrastructure,ALF,SUPPLIER A,UCSB-B200-M5,FCH230475P7,Virtual,Linux,CentOS 6 (64-bit),64,6 (64-bit),PRD
IPT0361,IPT,APPLICATION,ALF,SUPPLIER A,UCSB-B200-M5,FCH230475P7,Virtual,Linux,Red Hat Enterprise Linux 7 (64-bit),64,7,PRD
IPT0276,IPT,Infrastructure,NCI,SUPPLIER A,UCSB-B200-M5,FCH230475NX,Fisica,VMWARE,VMware ESXi 6.5.0 build-13635690,64,6.5.0 build-13635690,PRD
IPT0037,IPT,Infrastructure,NCI,SUPPLIER A,UCSB-B200-M4,FCH213976U1,Virtual,Linux,Linux SUSE,64,11 (64-bit),PRD
IPT0270,IPT,Infrastructure,NCI,SUPPLIER A,UCSB-B200-M4,FCH213976U1,Fisica,VMWARE,VMware ESXi 6.5.0 build-13635690,64,6.5.0 build-13635690,PRD
IPT0317,IPT,Infrastructure,NCI,SUPPLIER A,UCSB-B200-M4,FCH213976U1,Virtual,Linux,Linux RHEL 6,64,6 (64-bit),PRD
IPT0035,IPT,Infrastructure,NCI,SUPPLIER A,UCSB-B200-M4,FCH213976C4,Virtual,Linux,Linux SUSE,64,11 (64-bit),PRD
IPT0036,IPT,Infrastructure,NCI,SUPPLIER A,UCSB-B200-M4,FCH213976C4,Virtual,Linux,Linux SUSE,64,11 (64-bit),PRD
IPT0254,IPT,Infrastructure,NCI,SUPPLIER A,UCSB-B200-M4,FCH213976C4,Virtual,Linux,Linux,64,3.x or later Linux (64-bit),PRD
IPT0267,IPT,Infrastructure,NCI,SUPPLIER A,UCSB-B200-M4,FCH213976C4,Virtual,Linux,Linux CentOS,64,4/5 or later (64-bit),PRD
IPT0271,IPT,Infrastructure,NCI,SUPPLIER A,UCSB-B200-M4,FCH213976C4,Fisica,VMWARE,VMware ESXi 6.5.0 build-13635690,64,6.5.0 build-13635690,PRD
IPT0293,IPT,Infrastructure,NCI,SUPPLIER A,UCSB-B200-M4,FCH213976C4,Virtual,Linux,CentOS 7 (64-bit),64,7 (64-bit),PRD
IPT0300,IPT,Infrastructure,NCI,SUPPLIER A,UCSB-B200-M4,FCH213976C4,Virtual,Linux,Linux,64,3.x or later Linux (64-bit),PRD
IPT0323,IPT,Infrastructure,NCI,SUPPLIER A,UCSB-B200-M4,FCH213976C4,Virtual,Linux,Linux RHEL 6,64,7.9,QUA
IPT0251,IPT,Infrastructure,NCI,SUPPLIER A,UCSB-B200-M4,FCH213976B1,Virtual,Linux,CentOS 4/5/6/7 (64-bit),64,4/5/6/7 (64-bit),PRD
IPT0256,IPT,Infrastructure,NCI,SUPPLIER A,UCSB-B200-M4,FCH213976B1,Virtual,Linux,Linux,64,3.x or later Linux (64-bit),PRD
IPT0273,IPT,Infrastructure,NCI,SUPPLIER A,UCSB-B200-M4,FCH213976B1,Fisica,VMWARE,VMware ESXi 6.5.0 build-13635690,64,6.5.0 build-13635690,PRD
IPT0252,IPT,Infrastructure,NCI,SUPPLIER A,UCSB-B200-M4,FCH213976A8,Virtual,Windows,Windows 2019,64,2019 (64-bit),PRD
IPT0314,IPT,Infrastructure,NCI,SUPPLIER A,UCSB-B200-M4,FCH213976A8,Virtual,Linux,Linux RHEL 6,64,6 (64-bit),PRD
IPT0343,IPT,Infrastructure,NCI,SUPPLIER A,B200 M4,FCH213976A8,Virtual,VMWare,VMWARE ESXI SERVER,64, 6.5,PRD
IPT0237,IPT,Infrastructure,NCI,SUPPLIER A,UCSB-B200-M4,FCH21397663,Fisica,VMWARE,VMware ESXi 5.5.0 build-3248547,64,5.5.0 build-3248547,PRD
IPT0262,IPT,Infrastructure,ALF,SUPPLIER A,UCSB-B200-M4,FCH21397663,Virtual,Linux,Linux,64,3.x or later Linux (64-bit),PRD
IPT0289,IPT,Infrastructure,ALF,SUPPLIER A,UCSB-B200-M4,FCH21397663,Virtual,Linux,Linux CentOS,64,7 (64-bit),PRD
IPT0331,IPT,Infrastructure,ALF,SUPPLIER A,UCSB-B200-M4,FCH21397663,Virtual,Linux,Linux RHEL 6,64,8.3,PRD
IPT0039,IPT,Infrastructure,NCI,SUPPLIER A,UCSB-B200-M4,FCH213973ZK,Virtual,Linux,Linux SUSE,64,11 (64-bit),PRD
IPT0042,IPT,Infrastructure,NCI,SUPPLIER A,UCSB-B200-M4,FCH213973ZK,Virtual,Linux,Linux SUSE,64,11 (64-bit),PRD
IPT0182,IPT,Infrastructure,NCI,SUPPLIER A,UCSB-B200-M4,FCH213973ZK,Virtual,Windows,Windows 2012,64,6.3.9600  Server 2012 R2 Std x64,PRD
IPT0268,IPT,Infrastructure,NCI,SUPPLIER A,UCSB-B200-M4,FCH213973ZK,Fisica,VMWARE,VMware ESXi 6.5.0 build-13635690,64,6.5.0 build-13635690,PRD
IPT0235,IPT,Infrastructure,NCI,SUPPLIER A,UCSB-B200-M4,FCH21377K07,Fisica,VMWARE,VMware ESXi 5.5.0 build-3248547,64,5.5.0 build-3248547,PRD
IPT0250,IPT,Infrastructure,NCI,SUPPLIER A,UCSB-B200-M4,FCH21377JVV,Virtual,Linux,Linux CentOS,64,4/5/6/7 (64-bit),PRD
IPT0258,IPT,Infrastructure,NCI,SUPPLIER A,UCSB-B200-M4,FCH21377JVV,Virtual,Linux,Linux,64,3.x or later Linux (64-bit),PRD
IPT0274,IPT,Infrastructure,NCI,SUPPLIER A,UCSB-B200-M4,FCH21377JVV,Fisica,VMWARE,VMware ESXi 6.5.0 build-13635690,64,6.5.0 build-13635690,PRD
IPT0302,IPT,Infrastructure,NCI,SUPPLIER A,UCSB-B200-M4,FCH21377JVV,Virtual,Linux,Linux,64,unknown,PRD
IPT0303,IPT,Infrastructure,NCI,SUPPLIER A,UCSB-B200-M4,FCH21377JVV,Virtual,Linux,Linux,64,64-bit),PRD
IPT0034,IPT,Infrastructure,NCI,SUPPLIER A,UCSB-B200-M4,FCH21377JS2,Virtual,Linux,Linux SUSE,64,11 (64-bit),QUA
IPT0040,IPT,Infrastructure,NCI,SUPPLIER A,UCSB-B200-M4,FCH21377JS2,Virtual,Linux,Linux SUSE,64,Appliance,PRD
IPT0269,IPT,Infrastructure,NCI,SUPPLIER A,UCSB-B200-M4,FCH21377JS2,Fisica,VMWARE,VMware ESXi 6.5.0 build-13635690,64,6.5.0 build-13635690,PRD
IPT0294,IPT,Infrastructure,NCI,SUPPLIER A,UCSB-B200-M4,FCH21377JS2,Virtual,Linux,CentOS 7 (64-bit),64,7 (64-bit),PRD
IPT0238,IPT,Infrastructure,NCI,SUPPLIER A,UCSB-B200-M4,FCH21377H1A,Fisica,VMWARE,VMware ESXi 5.5.0 build-2068190,64,5.5.0 build-2068190,PRD
IPT0301,IPT,Infrastructure,NCI,SUPPLIER A,UCSB-B200-M4,FCH21377H1A,Virtual,Linux,Linux,64,unknown,PRD
IPT0319,IPT,Infrastructure,NCI,SUPPLIER A,UCSB-B200-M4,FCH21377H1A,Virtual,Linux,Linux RHEL 6,64,6 (64-bit),PRD
IPT0337,IPT,Infrastructure,NCI,SUPPLIER A,UCSB-B200-M4,FCH21377H1A,Virtual,Linux,Linux RHEL 6,64,6.10,PRD
IPT0236,IPT,Infrastructure,NCI,SUPPLIER A,UCSB-B200-M4,FCH21367NN2,Fisica,VMWARE,VMware ESXi 5.5.0 build-3248547,64,5.5.0 build-3248547,PRD
IPT0259,IPT,Infrastructure,NCI,SUPPLIER A,UCSB-B200-M4,FCH212675BL,Virtual,Linux,Linux CentOS,64,4/5/6/7 (64-bit),PRD
IPT0272,IPT,Infrastructure,NCI,SUPPLIER A,UCSB-B200-M4,FCH212675BL,Fisica,VMWARE,VMware ESXi 6.5.0 build-13635690,64,6.5.0 build-13635690,PRD
IPT0002,IPT,Infrastructure,ALF,SUPPLIER A,BLADE SERVER HP,DEH480248R,Fisica,LINUX,HPUX|B.11.31,64,11.31,PRD
IPT0193,IPT,Infrastructure,ALF,SUPPLIER A,BLADE,CZJ450099G,Fisica,Vmware,VMware ESXi 5.5.0 build-2718055,64,5.5.0 build-2718055,PRD
IPT0190,IPT,Infrastructure,ALF,SUPPLIER A,BLADE,CZJ450099F,Fisica,Vmware,VMware ESXi 5.5.0 build-2718055,64,5.5.0 build-2718055,PRD
IPT0094,IPT,Infrastructure,NCI,SUPPLIER A,PROLIANT BL460C G8 upto 3.10GHZ/10MB,CZJ450099D,Fisica,Vmware,VMware ESXi 5.5.0 build-2718055,64,5.5.0 build-2718055,PRD
IPT0092,IPT,Infrastructure,NCI,SUPPLIER A,PROLIANT BL460C G8 upto 3.10GHZ/10MB,CZJ450099C,Fisica,Vmware,VMware ESXi 5.5.0 build-2718055,64,5.5.0 build-2718055,PRD
IPT0151,IPT,Infrastructure,NCI,SUPPLIER A,PROLIANT BL460C G8 upto 3.10GHZ/10MB,CZJ450099B,Fisica,Linux,Linux RHEL 7,64,7.8,DSV
IPT0099,IPT,Infrastructure,NCI,SUPPLIER A,PROLIANT BL460C G8 upto 3.10GHZ/10MB,CZJ4500999,Fisica,Vmware,VMware ESXi 5.5.0 build-2718055,64,5.5.0 build-2718055,PRD
IPT0158,IPT,Infrastructure,NCI,SUPPLIER A,PROLIANT BL460C G8 upto 3.10GHZ/10MB,CZJ4500998,Fisica,Linux,"CentOS Linux"" VERSION=""7 (Core)""",64,"7 (Core)""",DSV
IPT0090,IPT,Infrastructure,NCI,SUPPLIER A,PROLIANT BL460C G8 upto 3.10GHZ/10MB,CZJ4500997,Fisica,Vmware,VMware ESXi 5.5.0 build-2718055,64,5.5.0 build-2718055,PRD
IPT0100,IPT,Infrastructure,NCI,SUPPLIER A,PROLIANT BL460C G8 upto 3.10GHZ/10MB,CZJ4500996,Fisica,Vmware,VMware ESXi 5.5.0 build-2718055,64,5.5.0 build-2718055,PRD
IPT0188,IPT,Infrastructure,ALF,SUPPLIER A,BLADE,CZJ4500995,Fisica,Vmware,VMware ESXi 5.5.0 build-2718055,64,5.5.0 build-2718055,PRD
IPT0096,IPT,Infrastructure,NCI,SUPPLIER A,PROLIANT BL460C G8 upto 3.10GHZ/10MB,CZJ4500994,Fisica,Vmware,VMware ESXi 5.5.0 build-2718055,64,5.5.0 build-2718055,PRD
IPT0098,IPT,Infrastructure,NCI,SUPPLIER A,PROLIANT BL460C G8 upto 3.10GHZ/10MB,CZJ4500993,Fisica,Vmware,VMware ESXi 5.5.0 build-2718055,64,5.5.0 build-2718055,PRD
IPT0097,IPT,Infrastructure,NCI,SUPPLIER A,PROLIANT BL460C G8 upto 3.10GHZ/10MB,CZJ4500992,Fisica,Vmware,VMware ESXi 5.5.0 build-2718055,64,5.5.0 build-2718055,PRD
IPT0195,IPT,Infrastructure,ALF,SUPPLIER A,BLADE,CZJ4500991,Fisica,Vmware,VMware ESXi 5.5.0 build-2718055,64,5.5.0 build-2718055,PRD
IPT0093,IPT,Infrastructure,NCI,SUPPLIER A,PROLIANT BL460C G8 upto 3.10GHZ/10MB,CZJ4500990,Fisica,Vmware,VMware ESXi 5.5.0 build-2718055,64,5.5.0 build-2718055,PRD
IPT0186,IPT,Infrastructure,ALF,SUPPLIER A,BLADE,CZJ450098Z,Fisica,Vmware,VMware ESXi 5.5.0 build-2718055,64,5.5.0 build-2718055,PRD
IPT0091,IPT,Infrastructure,NCI,SUPPLIER A,PROLIANT BL460C G8 upto 3.10GHZ/10MB,CZJ450098Y,Fisica,Vmware,VMware ESXi 5.5.0 build-2718055,64,5.5.0 build-2718055,PRD
IPT0200,IPT,Infrastructure,ALF,SUPPLIER A,ProLiant BL460c Gen8,CZJ450098X,Fisica,VMWARE,VMware ESXi 5.5.0 build-2718055,64,5.5.0 build-2718055,PRD
IPT0095,IPT,Infrastructure,NCI,SUPPLIER A,PROLIANT BL460C G8 upto 3.10GHZ/10MB,CZJ450098W,Fisica,Vmware,VMware ESXi 5.5.0 build-2718055,64,5.5.0 build-2718055,PRD
IPT0160,IPT,Infrastructure,NCI,SUPPLIER A,PROLIANT BL460C G8 upto 3.10GHZ/10MB,CZJ450098V,Fisica,Linux,Linux RHEL 7,64,7.8,DSV
IPT0067,IPT,Infrastructure,ALF,SUPPLIER A,BLADE,CZJ35106CF,Fisica,Vmware,VMware ESXi 5.5.0 build-2718055,64,5.5.0 build-2718055,PRD
IPT0061,IPT,Infrastructure,ALF,SUPPLIER A,BLADE,CZJ35106CC,Fisica,Vmware,VMware ESXi 5.5.0 build-2718055,64,5.5.0 build-2718055,PRD
IPT0065,IPT,Infrastructure,ALF,SUPPLIER A,BLADE,CZJ35106CB ,Fisica,Vmware,VMware ESXi 5.5.0 build-2718055,64,5.5.0 build-2718055,PRD
IPT0156,IPT,Infrastructure,ALF,SUPPLIER A,ProLiant BL460c Gen8,CZJ2511H1R,Virtual,Linux,Linux RHEL 7,64,7.8,DSV
IPT0047,IPT,Infrastructure,ALF,SUPPLIER A,BLADE,CZJ2511H1R,Fisica,Vmware,VMware ESXi 5.5.0 build-2718055,64,5.5.0 build-2718055,PRD
IPT0085,IPT,Infrastructure,ALF,SUPPLIER A,BLADE,CZJ2511H1Q,Fisica,Vmware,VMware ESXi 5.5.0 build-2718055,64,5.5.0 build-2718055,DSV
IPT0087,IPT,Infrastructure,ALF,SUPPLIER A,BLADE,CZJ2511H1P,Fisica,Vmware,VMware ESXi 5.5.0 build-2718055,64,5.5.0 build-2718055,DSV
IPT0053,IPT,Infrastructure,ALF,SUPPLIER A,BLADE,CZJ2511H1N,Fisica,Vmware,VMware ESXi 5.5.0 build-2718055,64,5.5.0 build-2718055,PRD
IPT0057,IPT,Infrastructure,ALF,SUPPLIER A,BLADE,CZJ2511H1L,Fisica,Vmware,VMware ESXi 5.5.0 build-2718055,64,5.5.0 build-2718055,PRD
IPT0059,IPT,Infrastructure,ALF,SUPPLIER A,BLADE,CZJ2511H1K ,Fisica,Vmware,VMware ESXi 5.5.0 build-2718055,64,5.5.0 build-2718055,PRD
IPT0051,IPT,Infrastructure,ALF,SUPPLIER A,BLADE,CZJ2511H1J,Fisica,Vmware,VMware ESXi 5.5.0 build-2718055,64,5.5.0 build-2718055,PRD
IPT0155,IPT,Infrastructure,ALF,SUPPLIER A,BLADE,CZJ2511H1H,Fisica,Linux,"CentOS Linux VERSION=""7 (Core)""",64,"7 (Core)""",DSV
IPT0073,IPT,Infrastructure,ALF,SUPPLIER A,BLADE,CZJ2511H1G ,Fisica,Vmware,VMware ESXi 5.5.0 build-2718055,64,5.5.0 build-2718055,DSV
IPT0071,IPT,Infrastructure,ALF,SUPPLIER A,BLADE,CZJ2511H1F,Fisica,Vmware,VMware ESXi 5.5.0 build-2718055,64,5.5.0 build-2718055,DSV
IPT0181,IPT,Infrastructure,ALF,SUPPLIER A,ProLiant BL460c Gen8,CZJ2511H1B,Virtual,Windows,Windows 2012,64,6.3.9600  Server 2012 R2 Std x64,PRD
IPT0079,IPT,Infrastructure,ALF,SUPPLIER A,BLADE,CZJ2511H1B,Fisica,Vmware,VMware ESXi 5.5.0 build-2718055,64,5.5.0 build-2718055,DSV
IPT0157,IPT,Infrastructure,ALF,SUPPLIER A,BLADE,CZJ2511H17,Fisica,Linux,Linux RHEL 7,64,7.8,DSV
IPT0075,IPT,Infrastructure,ALF,SUPPLIER A,BLADE,CZJ2511H15,Fisica,Vmware,VMware ESXi 5.5.0 build-2718055,64,5.5.0 build-2718055,DSV
IPT0049,IPT,Infrastructure,ALF,SUPPLIER A,BLADE,CZJ2511H14,Fisica,Vmware,VMware ESXi 5.5.0 build-2718055,64,5.5.0 build-2718055,PRD
IPT0055,IPT,Infrastructure,ALF,SUPPLIER A,BLADE,CZJ2511H12,Fisica,Vmware,VMware ESXi 5.5.0 build-2718055,64,5.5.0 build-2718055,PRD
IPT0083,IPT,Infrastructure,ALF,SUPPLIER A,BLADE,CZJ2511H10,Fisica,Vmware,VMware ESXi 5.5.0 build-2718055,64,5.5.0 build-2718055,DSV
IPT0159,IPT,Infrastructure,ALF,SUPPLIER A,BLADE,CZJ2511H0Z,Fisica,Linux,Linux RHEL 7,64,"7.3 (Maipo)""",DSV
IPT0077,IPT,Infrastructure,ALF,SUPPLIER A,BLADE,CZJ2511H0V,Fisica,Vmware,VMware ESXi 5.5.0 build-2718055,64,5.5.0 build-2718055,DSV
IPT0081,IPT,Infrastructure,ALF,SUPPLIER A,BLADE,CZJ2390PRB,Fisica,Vmware,VMware ESXi 5.5.0 build-2718055,64,5.5.0 build-2718055,DSV
IPT0063,IPT,Infrastructure,ALF,SUPPLIER A,BLADE,CZJ2390PR5,Fisica,Vmware,VMware ESXi 5.5.0 build-2718055,64,5.5.0 build-2718055,PRD
IPT0162,IPT,Infrastructure,ALF,SUPPLIER A,BLADE,CZJ2390PR4,Fisica,Linux,Linux RHEL 7,64,7.8,DSV
IPT0089,IPT,Infrastructure,ALF,SUPPLIER A,BLADE,CZJ2390PR2,Fisica,VMWARE,VMware ESXi 5.5.0 build-2718055,64,5.5.0 build-2718055,PRD
IPT0106,IPT,Infrastructure,NCI,SUPPLIER A,ProLiant BL460c Gen9 2.3GHZ/22.5MB (2ch/36co),CZ36505L4K,Fisica,Vmware,VMware ESXi 5.5.0 build-2718055,64,5.5.0 build-2718055,PRD
IPT0104,IPT,Infrastructure,NCI,SUPPLIER A,ProLiant BL460c Gen9 2.3GHZ/22.5MB (2ch/36co),CZ36505L48,Fisica,Vmware,VMware ESXi 5.5.0 build-2718055,64,5.5.0 build-2718055,PRD
IPT0105,IPT,Infrastructure,NCI,SUPPLIER A,ProLiant BL460c Gen9 2.3GHZ/22.5MB (2ch/36co),CZ36505L3X,Fisica,Vmware,VMware ESXi 5.5.0 build-2718055,64,5.5.0 build-2718055,PRD
IPT0107,IPT,Infrastructure,NCI,SUPPLIER A,ProLiant BL460c Gen9 2.3GHZ/22.5MB (2ch/36co),CZ36505L3K,Fisica,Vmware,VMware ESXi 5.5.0 build-2718055,64,5.5.0 build-2718055,PRD
IPT0108,IPT,Infrastructure,NCI,SUPPLIER A,ProLiant BL460c Gen9 2.3GHZ/22.5MB (2ch/36co),CZ36505L38,Fisica,Vmware,VMware ESXi 5.5.0 build-2718055,64,5.5.0 build-2718055,PRD
IPT0103,IPT,Infrastructure,NCI,SUPPLIER A,ProLiant BL460c Gen9 2.3GHZ/22.5MB (2ch/36co),CZ36505L2X,Fisica,Vmware,VMware ESXi 5.5.0 build-2718055,64,5.5.0 build-2718055,PRD
IPT0119,IPT,Infrastructure,ALF,SUPPLIER A,S3CMGT01,CZ3451KPN3,Fisica,Vmware,VMware ESXi 5.5.0 build-2718055,64,5.5.0 build-2718055,PRD
IPT0118,IPT,Infrastructure,ALF,SUPPLIER A,S3CMGT01,CZ3451KPMW,Fisica,Vmware,VMware ESXi 5.5.0 build-2718055,64,5.5.0 build-2718055,PRD
IPT0184,IPT,Infrastructure,NCI,SUPPLIER A,ProLiant BL460c Gen8,CZ34122RMX,Virtual,Windows,Windows 2012,64,2012 (64-bit),DSV
IPT0056,IPT,Infrastructure,NCI,SUPPLIER A,PROLIANT BL460C G8 upto 3.10GHZ/10MB,CZ34122RMX,Fisica,Vmware,VMware ESXi 5.5.0 build-2718055,64,5.5.0 build-2718055,PRD
IPT0088,IPT,Infrastructure,NCI,SUPPLIER A,PROLIANT BL460C G8 upto 3.10GHZ/10MB,CZ34122RMV,Fisica,Vmware,VMware ESXi 5.5.0 build-2718055,64,5.5.0 build-2718055,PRD
IPT0328,IPT,Infrastructure,NCI,SUPPLIER A,ProLiant BL460c Gen8,CZ34122RMS,Virtual,Windows,Windows 2012,64,6.3.14393  Server 2016 DC x64,PRD
IPT0050,IPT,Infrastructure,NCI,SUPPLIER A,PROLIANT BL460C G8 upto 3.10GHZ/10MB,CZ34122RMS,Fisica,Vmware,VMware ESXi 5.5.0 build-2718055,64,5.5.0 build-2718055,PRD
IPT0086,IPT,Infrastructure,NCI,SUPPLIER A,PROLIANT BL460C G8 upto 3.10GHZ/10MB,CZ34122RMP,Fisica,Vmware,VMware ESXi 5.5.0 build-2718055,64,5.5.0 build-2718055,DSV
IPT0066,IPT,Infrastructure,NCI,SUPPLIER A,PROLIANT BL460C G8 upto 3.10GHZ/10MB,CZ34122RMM,Fisica,Vmware,VMware ESXi 5.5.0 build-2718055,64,5.5.0 build-2718055,PRD
IPT0327,IPT,Infrastructure,NCI,SUPPLIER A,ProLiant BL460c Gen8,CZ34122RMK,Virtual,Windows,Windows 2012,64,6.3.14393  Server 2016 DC x64,PRD
IPT0060,IPT,Infrastructure,NCI,SUPPLIER A,PROLIANT BL460C G8 upto 3.10GHZ/10MB,CZ34122RMK,Fisica,Vmware,VMware ESXi 5.5.0 build-2718055,64,5.5.0 build-2718055,PRD
IPT0058,IPT,Infrastructure,NCI,SUPPLIER A,PROLIANT BL460C G8 upto 3.10GHZ/10MB,CZ34122RMH,Fisica,Vmware,VMware ESXi 5.5.0 build-2718055,64,5.5.0 build-2718055,PRD
IPT0046,IPT,Infrastructure,NCI,SUPPLIER A,PROLIANT BL460C G8 upto 3.10GHZ/10MB,CZ34122RME,Fisica,Vmware,VMware ESXi 5.5.0 build-2718055,64,5.5.0 build-2718055,PRD
IPT0080,IPT,Infrastructure,NCI,SUPPLIER A,PROLIANT WS460C G8 2.7GHZ/15 MB,CZ34122RMC,Fisica,Vmware,VMware ESXi 5.5.0 build-2718055,64,5.5.0 build-2718055,DSV
IPT0054,IPT,Infrastructure,NCI,SUPPLIER A,PROLIANT BL460C G8 upto 3.10GHZ/10MB,CZ34122RMA,Fisica,Vmware,VMware ESXi 5.5.0 build-2718055,64,5.5.0 build-2718055,PRD
IPT0052,IPT,Infrastructure,NCI,SUPPLIER A,PROLIANT BL460C G8 upto 3.10GHZ/10MB,CZ34122RM8,Fisica,Vmware,VMware ESXi 5.5.0 build-2718055,64,5.5.0 build-2718055,PRD
IPT0048,IPT,Infrastructure,NCI,SUPPLIER A,PROLIANT BL460C G8 upto 3.10GHZ/10MB,CZ34122RM6,Fisica,Vmware,VMware ESXi 5.5.0 build-2718055,64,5.5.0 build-2718055,PRD
IPT0076,IPT,Infrastructure,NCI,SUPPLIER A,PROLIANT BL460C G8 upto 3.10GHZ/10MB,CZ34122RM4,Fisica,Vmware,VMware ESXi 5.5.0 build-2718055,64,5.5.0 build-2718055,DSV
IPT0072,IPT,Infrastructure,NCI,SUPPLIER A,PROLIANT BL460C G8 upto 3.10GHZ/10MB,CZ34122RM2,Fisica,Vmware,VMware ESXi 5.5.0 build-2718055,64,5.5.0 build-2718055,DSV
IPT0044,IPT,Infrastructure,NCI,SUPPLIER A,ProLiant BL460c Gen8,CZ34122RM0,Virtual,Linux,Linux RHEL 5,64,5.8,DSV
IPT0062,IPT,Infrastructure,NCI,SUPPLIER A,PROLIANT BL460C G8 upto 3.10GHZ/10MB,CZ34122RM0,Fisica,Vmware,VMware ESXi 5.5.0 build-2718055,64,5.5.0 build-2718055,PRD
IPT0064,IPT,Infrastructure,NCI,SUPPLIER A,PROLIANT BL460C G8 upto 3.10GHZ/10MB,CZ34122RLX,Fisica,Vmware,VMware ESXi 5.5.0 build-2718055,64,5.5.0 build-2718055,PRD
IPT0082,IPT,Infrastructure,NCI,SUPPLIER A,PROLIANT BL460C G8 upto 3.10GHZ/10MB,CZ34122RLV,Fisica,Vmware,VMware ESXi 5.5.0 build-2718055,64,5.5.0 build-2718055,DSV
IPT0068,IPT,Infrastructure,NCI,SUPPLIER A,PROLIANT BL460C G8 upto 3.10GHZ/10MB,CZ34122RLS,Fisica,Vmware,VMware ESXi 5.5.0 build-2718055,64,5.5.0 build-2718055,PRD
IPT0074,IPT,Infrastructure,NCI,SUPPLIER A,PROLIANT BL460C G8 upto 3.10GHZ/10MB,CZ34122RLP,Fisica,Vmware,VMware ESXi 5.5.0 build-2718055,64,5.5.0 build-2718055,DSV
IPT0084,IPT,Infrastructure,NCI,SUPPLIER A,PROLIANT BL460C G8 upto 3.10GHZ/10MB,CZ34122RLM,Fisica,Vmware,VMware ESXi 5.5.0 build-2718055,64,5.5.0 build-2718055,DSV
IPT0070,IPT,Infrastructure,NCI,SUPPLIER A,PROLIANT BL460C G8 upto 3.10GHZ/10MB,CZ34122RLK,Fisica,Vmware,VMware ESXi 5.5.0 build-2718055,64,5.5.0 build-2718055,DSV
IPT0180,IPT,Infrastructure,NCI,SUPPLIER A,ProLiant BL460c Gen8,CZ34122RLH,Virtual,Windows,Windows 2008,64,6.1.7601  Server 2008 R2 Std x64 SP 1,PRD
IPT0078,IPT,Infrastructure,NCI,SUPPLIER A,PROLIANT BL460C G8 upto 3.10GHZ/10MB,CZ34122RLH,Fisica,Vmware,VMware ESXi 5.5.0 build-2718055,64,5.5.0 build-2718055,DSV
IPT0113,IPT,Infrastructure,NCI,SUPPLIER A,PROLIANT DL560 G8 2.4GHZ/10MB,CZ3328JVJF,Fisica,Vmware,VMware ESXi 5.5.0 build-2718055,64,5.5.0 build-2718055,PRD
IPT0115,IPT,Infrastructure,NCI,SUPPLIER A,PROLIANT DL560 G8 2.4GHZ/10MB,CZ3328JVJB,Fisica,Vmware,VMware ESXi 5.5.0 build-2718055,64,5.5.0 build-2718055,PRD
IPT0109,IPT,Infrastructure,NCI,SUPPLIER A,PROLIANT DL560 G8 2.4GHZ/10MB,CZ3328JVJ7,Fisica,Vmware,VMware ESXi 5.5.0 build-2718055,64,5.5.0 build-2718055,PRD
IPT0351,IPT,Infrastructure,NCI,SUPPLIER A,DL560 G8,CZ3328JVJ3,Virtual,VMWare,VMWARE ESXI SERVER,64, 6.5,PRD
IPT0111,IPT,Infrastructure,NCI,SUPPLIER A,PROLIANT DL560 G8 2.4GHZ/10MB,CZ3328JVHY,Fisica,Vmware,VMware ESXi 5.5.0 build-2718055,64,5.5.0 build-2718055,PRD
IPT0325,IPT,Infrastructure,ALF,SUPPLIER A,ProLiant DL560 Gen8,CZ3328JVHT,Virtual,Windows,Windows 2012,64,6.3.14393  Server 2016 DC x64,PRD
IPT0326,IPT,Infrastructure,ALF,SUPPLIER A,ProLiant DL560 Gen8,CZ3328JVHT,Virtual,Windows,Windows 2012,64,6.3.14393  Server 2016 DC x64,PRD
IPT0112,IPT,Infrastructure,ALF,SUPPLIER A,CEINTIP02S3,CZ3328JVHT,Fisica,Vmware,VMware ESXi 5.5.0 build-2718055,64,5.5.0 build-2718055,PRD
IPT0023,IPT,Infrastructure,ALF,SUPPLIER A,BLADE SERVER HP,CZ3328JM6T,Fisica,LINUX,HPUX|B.11.31,64,11.31,QUA
IPT0246,IPT,Infrastructure,NCI,SUPPLIER A,ProLiant DL560 Gen8,CZ3325HKC5,Virtual,Windows,Windows 2008,64,6.1.7601  Server 2008 R2 Std x64 SP 1,PRD
IPT0116,IPT,Infrastructure,NCI,SUPPLIER A,PROLIANT DL560 G8 2.4GHZ/10MB,CZ3325HKC5,Fisica,Vmware,VMware ESXi 5.5.0 build-2718055,64,5.5.0 build-2718055,PRD
IPT0110,IPT,Infrastructure,ALF,SUPPLIER A,CEINTIP02S3,CZ3325HKC1,Fisica,Vmware,VMware ESXi 5.5.0 build-2718055,64,5.5.0 build-2718055,PRD
IPT0114,IPT,Infrastructure,ALF,SUPPLIER A,CEINTIP02S3,CZ3325HKBW,Fisica,Vmware,VMware ESXi 5.5.0 build-2718055,64,5.5.0 build-2718055,PRD
IPT0101,IPT,Infrastructure,NCI,SUPPLIER A,PROLIANT BL460C G7 2.66GHZ/6MB,CZ32025YP3,Fisica,Vmware,VMware ESXi 5.5.0 build-2718055,64,5.5.0 build-2718055,PRD
IPT0153,IPT,Infrastructure,NCI,SUPPLIER A,PROLIANT BL460C G7 2.66GHZ/6MB,CZ32025YP0 ,Fisica,Linux,"CentOS Linux VERSION=""7 (Core)""",64,"7 (Core)""",DSV
IPT0161,IPT,Infrastructure,NCI,SUPPLIER A,PROLIANT BL460C G7 2.66GHZ/6MB,CZ32025YNW,Fisica,Linux,"CentOS Linux VERSION=""7 (Core)""",64,"7 (Core)""",DSV
IPT0154,IPT,Infrastructure,ALF,SUPPLIER A,PROLIANT BL460C G7 2.66GHZ/6MB,CZ32025YNK,Fisica,Linux,"CentOS Linux VERSION=""7 (Core)""",64,"7 (Core)""",DSV
IPT0102,IPT,Infrastructure,NCI,SUPPLIER A,PROLIANT BL460C G7 2.66GHZ/6MB,CZ32025YNF,Fisica,Vmware,VMware ESXi 5.5.0 build-2718055,64,5.5.0 build-2718055,PRD
IPT0187,IPT,Infrastructure,NCI,SUPPLIER A,ProLiant BL460c Gen9 2.3GHZ/22.5MB (2ch/36co),CZ25390H5N,Fisica,Vmware,VMware ESXi 5.5.0 build-3248547,64,5.5.0 build-3248547,PRD
IPT0199,IPT,Infrastructure,NCI,SUPPLIER A,ProLiant BL460c Gen9 2.3GHZ/22.5MB (2ch/36co),CZ25390H5M,Fisica,Vmware,VMware ESXi 5.5.0 build-3248547,64,5.5.0 build-3248547,PRD
IPT0191,IPT,Infrastructure,NCI,SUPPLIER A,ProLiant BL460c Gen9 2.3GHZ/22.5MB (2ch/36co),CZ25390H5L,Fisica,Vmware,VMware ESXi 5.5.0 build-3248547,64,5.5.0 build-3248547,PRD
IPT0196,IPT,Infrastructure,NCI,SUPPLIER A,ProLiant BL460c Gen9 2.3GHZ/22.5MB (2ch/36co),CZ25390H5K,Fisica,Vmware,VMware ESXi 5.5.0 build-3248547,64,5.5.0 build-3248547,PRD
IPT0198,IPT,Infrastructure,NCI,SUPPLIER A,ProLiant BL460c Gen9 2.3GHZ/22.5MB (2ch/36co),CZ25390H5J,Fisica,Vmware,VMware ESXi 5.5.0 build-3248547,64,5.5.0 build-3248547,PRD
IPT0194,IPT,Infrastructure,NCI,SUPPLIER A,ProLiant BL460c Gen9 2.3GHZ/22.5MB (2ch/36co),CZ25390H5H,Fisica,Vmware,VMware ESXi 5.5.0 build-3248547,64,5.5.0 build-3248547,PRD
IPT0185,IPT,Infrastructure,NCI,SUPPLIER A,ProLiant BL460c Gen9 2.3GHZ/22.5MB (2ch/36co),CZ25390H5G,Fisica,Vmware,VMware ESXi 5.5.0 build-3248547,64,5.5.0 build-3248547,PRD
IPT0189,IPT,Infrastructure,NCI,SUPPLIER A,ProLiant BL460c Gen9 2.3GHZ/22.5MB (2ch/36co),CZ25390H5F,Fisica,Vmware,VMware ESXi 5.5.0 build-3248547,64,5.5.0 build-3248547,PRD
IPT0192,IPT,Infrastructure,NCI,SUPPLIER A,ProLiant BL460c Gen9 2.3GHZ/22.5MB (2ch/36co),CZ25390H5D,Fisica,Vmware,VMware ESXi 5.5.0 build-3248547,64,5.5.0 build-3248547,PRD
IPT0197,IPT,Infrastructure,NCI,SUPPLIER A,ProLiant BL460c Gen9 2.3GHZ/22.5MB (2ch/36co),CZ25390H5C,Fisica,Vmware,VMware ESXi 5.5.0 build-3248547,64,5.5.0 build-3248547,PRD
IPT0352,IPT,Infrastructure,NCI,SUPPLIER A,DL560 G8,CZ23510BG3,Virtual,VMWare,VMWARE ESXI SERVER,64, 6.5,PRD
IPT0069,IPT,Infrastructure,ALF,SUPPLIER A,System x3850,CEINTIP01S3,Fisica,Vmware,VMware ESXi 5.5.0 build-2718055,64,5.5.0 build-2718055,PRD
IPT0004,IPT,Infrastructure,ALF,SUPPLIER A,System x3850,99A4686,Fisica,windows,Windows 2003,64,5.2.3790  Server 2003 Ent SP 2,PRD
IPT0007,IPT,Infrastructure,ALF,SUPPLIER A,HMC,6582AFB,Fisica,AIX,HMC,64,HMC,QUA
IPT0008,IPT,Infrastructure,ALF,SUPPLIER A,HMC,6582AEB,Fisica,AIX,HMC,64,HMC,QUA
IPT0320,IPT,Infrastructure,ALF,SUPPLIER A,POWER7,6540C5P,Virtual,AIX,AIX|7.2.0.0,64,7.2.0.0,PRD
IPT0005,IPT,Infrastructure,ALF,SUPPLIER A,Sun Solaris,0725TL11B6,Fisica,SOLARIS,SUN|5.10,64,5.10,QUA
IPT0006,IPT,Infrastructure,NCI,SUPPLIER A,Sun Solaris,0724TL40JW,Fisica,SOLARIS,SOLARIS|5.10,64,5.10,QUA
IPT0229,IPT,Infrastructure,ALF,SUPPLIER A,System x3650 M4 : -[7915M2G]-,06ZDPZ6,Fisica,VMWARE,VMware ESXi 6.0.0 build-9239799,64,6.0.0 build-9239799,PRD
IPT0227,IPT,Infrastructure,ALF,SUPPLIER A,System x3650 M4 : -[7915M2G]-,06ZDFG5,Fisica,VMWARE,VMware ESXi 6.0.0 build-9239799,64,6.0.0 build-9239799,PRD
IPT0201,IPT,Infrastructure,ALF,SUPPLIER A,System x3650 M4 : -[7915M2G]-,06ZDFG4,Virtual,Linux,Linux RHEL 6,64,6.9,PRD
IPT0212,IPT,Infrastructure,ALF,SUPPLIER A,System x3650 M4 : -[7915M2G]-,06ZDFG4,Fisica,VMWARE,VMware ESXi 6.0.0 build-9239799,64,6.0.0 build-9239799,PRD
IPT0228,IPT,Infrastructure,ALF,SUPPLIER A,System x3650 M4 : -[7915M2G]-,06ZDFG3,Fisica,VMWARE,VMware ESXi 6.0.0 build-9239799,64,6.0.0 build-9239799,PRD
IPT0226,IPT,Infrastructure,ALF,SUPPLIER A,System x3650 M4 : -[7915M2G]-,06ZDFG2,Fisica,VMWARE,VMware ESXi 6.0.0 build-9239799,64,6.0.0 build-9239799,PRD
IPT0139,IPT,DATABASE,ALF,SUPPLIER A,System x3650 M4 : -[7915M2G]-,06ZDFG0,Virtual,Windows,Windows 2003,64,2003 (64-bit),PRD
IPT0225,IPT,Infrastructure,ALF,SUPPLIER A,System x3650 M4 : -[7915M2G]-,06ZDFG0,Fisica,VMWARE,VMware ESXi 6.0.0 build-9239799,64,6.0.0 build-9239799,PRD
IPT0224,IPT,Infrastructure,ALF,SUPPLIER A,System x3650 M4 : -[7915M2G]-,06ZDFF9,Fisica,VMWARE,VMware ESXi 6.0.0 build-9239799,64,6.0.0 build-9239799,PRD
IPT0223,IPT,Infrastructure,ALF,SUPPLIER A,System x3650 M4 : -[7915M2G]-,06YGGK2,Fisica,VMWARE,VMware ESXi 6.0.0 build-9239799,64,6.0.0 build-9239799,PRD
IPT0247,IPT,Infrastructure,ALF,SUPPLIER A,System x3650 M4 : -[7915M2G]-,06YGGK2,Virtual,Windows,Windows 2012,64,6.3.9600  Server 2012 R2 Std x64,PRD
IPT0013,IPT,Infrastructure,ALF,SUPPLIER A,System x3850 X5 -[7143B1G]-,06X6492,Virtual,Windows,Windows 2008,64,5.2.3790  Server 2003 Std SP 2,QUA
IPT0170,IPT,Infrastructure,ALF,SUPPLIER A,System x3850 X5 -[7143B1G]-,06X6492,Virtual,Windows,Windows 2003,64,2003 Standard (32-bit),PRD
IPT0176,IPT,Infrastructure,ALF,SUPPLIER A,System x3850 X5 -[7143B1G]-,06X6492,Virtual,Windows,Windows 2003,64,2003 Standard (32-bit),PRD
IPT0177,IPT,Infrastructure,ALF,SUPPLIER A,System x3850 X5 -[7143B1G]-,06X6492,Virtual,Windows,Windows 2003,64,2003 Standard (32-bit),PRD
IPT0222,IPT,Infrastructure,ALF,SUPPLIER A,System x3850 X5 -[7143B1G]-,06X6492,Fisica,VMWARE,VMware ESXi 6.0.0 build-9239799,64,6.0.0 build-9239799,PRD
IPT0018,IPT,Infrastructure,ALF,SUPPLIER A,System x3850 X5 -[7143AC1]-,06V0102,Virtual,Linux,Linux RHEL 6,64,6.9,QUA
IPT0205,IPT,Infrastructure,ALF,SUPPLIER A,System x3850 X5 -[7143AC1]-,06V0102,Fisica,VMWARE,VMWARE ESXI SERVER,64,unknown,PRD
IPT0242,IPT,Infrastructure,ALF,SUPPLIER A,System x3850 X5 -[7143AC1]-,06V0102,Virtual,Windows,Windows 2012,64,6.3.9600  Server 2012 R2 Std x64,PRD
IPT0206,IPT,Infrastructure,ALF,SUPPLIER A,System x3850 X5 -[7143AC1]-,06T8148,Fisica,VMWARE,VMWARE ESXI SERVER,64,unknown,PRD
IPT0165,IPT,Infrastructure,ALF,SUPPLIER A,System x3850 X5 / x3950 X5 -[7143B6U]-,06T8142,Virtual,Linux,Linux RHEL 6,64,6 (64-bit),DSV
IPT0166,IPT,Infrastructure,ALF,SUPPLIER A,System x3850 X5 / x3950 X5 -[7143B6U]-,06T8142,Virtual,Linux,Linux RHEL 6,64,6 (64-bit),DSV
IPT0203,IPT,Infrastructure,ALF,SUPPLIER A,System x3850 X5 / x3950 X5 -[7143B6U]-,06T8142,Fisica,VMWARE,VMWARE ESXI SERVER,64,unknown,PRD
IPT0241,IPT,Infrastructure,ALF,SUPPLIER A,System x3850 X5 / x3950 X5 -[7143B6U]-,06T8142,Virtual,Windows,Windows 2012,64,6.3.9600  Server 2012 R2 Std x64,PRD
IPT0244,IPT,Infrastructure,ALF,SUPPLIER A,System x3850 X5 / x3950 X5 -[7143B6U]-,06T8142,Virtual,Windows,Windows 2012,64,6.3.9600  Server 2012 R2 DC x64,PRD
IPT0017,IPT,Infrastructure,ALF,SUPPLIER A,System x3850 X5 -[7143AC1]-,06T8139,Virtual,Linux,Linux RHEL 6,64,6.9,QUA
IPT0163,IPT,Infrastructure,ALF,SUPPLIER A,System x3850 X5 -[7143AC1]-,06T8139,Virtual,Linux,Linux RHEL 6,64,6 (64-bit),DSV
IPT0204,IPT,Infrastructure,ALF,SUPPLIER A,System x3850 X5 -[7143AC1]-,06T8139,Fisica,VMWARE,VMWARE ESXI SERVER,64,unknown,PRD
IPT0164,IPT,Infrastructure,ALF,SUPPLIER A,System x3850 X5 -[7143AC1]-,06T8068,Virtual,Linux,Linux RHEL 6,64,6 (64-bit),DSV
IPT0179,IPT,Infrastructure,ALF,SUPPLIER A,System x3850 X5 -[7143AC1]-,06T8068,Virtual,Windows,Windows 2008,64,6.1.7601  Server 2008 R2 Std x64 SP 1,DSV
IPT0209,IPT,Infrastructure,ALF,SUPPLIER A,System x3850 X5 -[7143AC1]-,06T8068,Fisica,VMWARE,VMWARE ESXI SERVER,64,unknown,PRD
IPT0230,IPT,Infrastructure,ALF,SUPPLIER A,System x3850 X5 -[7143AC1]-,06T8068,Virtual,Windows,Windows 2008,64,6.3.9600  Server 2012 R2 Std x64,PRD
IPT0243,IPT,Infrastructure,ALF,SUPPLIER A,System x3850 X5 -[7143AC1]-,06T8068,Virtual,Windows,Windows 2012,64,6.3.9600  Server 2012 R2 DC x64,PRD
IPT0232,IPT,Infrastructure,NCI,SUPPLIER A,System x3850 X5 -[7143AC1]-,06T8062,Fisica,VMWARE,VMware ESXi 6.0.0 build-7967664,64,6.0.0 build-7967664,PRD
IPT0248,IPT,Infrastructure,NCI,SUPPLIER A,System x3850 X5 -[7143AC1]-,06T8062,Virtual,Windows,Windows 2012,64,6.3.9600  Server 2012 R2 Std x64,PRD
IPT0249,IPT,Infrastructure,NCI,SUPPLIER A,System x3850 X5 -[7143AC1]-,06T8062,Virtual,Windows,Windows 2012,64,6.3.9600  Server 2012 R2 Std x64,PRD
IPT0015,IPT,Infrastructure,ALF,SUPPLIER A,System x3850 X5 -[7143B1G]-,06M4100,Virtual,Windows,Windows 2008,64,6.1.7601  Server 2008 R2 Std x64 SP 1,DSV
IPT0175,IPT,Infrastructure,ALF,SUPPLIER A,System x3850 X5 -[7143B1G]-,06M4100,Virtual,Windows,Windows 2003,64,2003 Standard (32-bit),PRD
IPT0178,IPT,Infrastructure,ALF,SUPPLIER A,System x3850 X5 -[7143B1G]-,06M4100,Virtual,Windows,Windows 2003,64,2003 Standard (32-bit),PRD
IPT0218,IPT,Infrastructure,ALF,SUPPLIER A,System x3850 X5 -[7143B1G]-,06M4100,Fisica,VMWARE,VMware ESXi 6.0.0 build-9239799,64,6.0.0 build-9239799,PRD
IPT0312,IPT,Infrastructure,NCI,SUPPLIER A,SYSTEM X,06M4094,Fisica,Linux,Linux RHEL 7,64,7.8,PRD
IPT0019,IPT,Infrastructure,ALF,SUPPLIER A,System x3850 X5 -[7143B1G]-,06M4092,Virtual,Linux,Linux RHEL 6,64,6.9,QUA
IPT0208,IPT,Infrastructure,ALF,SUPPLIER A,System x3850 X5 -[7143B1G]-,06M4092,Fisica,VMWARE,VMWARE ESXI SERVER,64,unknown,PRD
IPT0207,IPT,Infrastructure,ALF,SUPPLIER A,System x3850 X5 -[7143B1G]-,06M4091,Fisica,VMWARE,VMWARE ESXI SERVER,64,unknown,PRD
IPT0231,IPT,Infrastructure,ALF,SUPPLIER A,System x3850 X5 -[7143B1G]-,06M4091,Virtual,Windows,Windows 2012,64,6.3.9600  Server 2012 R2 Std x64,PRD
IPT0311,IPT,Infrastructure,NCI,SUPPLIER A,POWER7,06ECE0P,Virtual,AIX,AIX|7.2.0.0,64,7.2.0.0,PRD
IPT0011,IPT,Infrastructure,ALF,SUPPLIER A,Power 780,06DD1DP,Fisica,AIX,VIO|2.2.6.10,64,2.2.6.10,QUA
IPT0012,IPT,Infrastructure,ALF,SUPPLIER A,Power 780,06DD1DP,Fisica,AIX,VIO|2.2.6.10,64,2.2.6.10,QUA
IPT0211,IPT,Infrastructure,ALF,SUPPLIER A,System x3850 X5 -[7143B1G]-,06D3994,Fisica,VMWARE,VMware ESXi 6.0.0 build-9239799,64,6.0.0 build-9239799,PRD
IPT0210,IPT,Infrastructure,ALF,SUPPLIER A,System x3850 X5 -[7143B1G]-,06D3963,Fisica,VMWARE,VMware ESXi 6.0.0 build-9239799,64,6.0.0 build-9239799,PRD
IPT0021,IPT,Infrastructure,ALF,SUPPLIER A,System x3850 X5 -[7143B1G]-,06D3961,Virtual,Linux,Linux RHEL 5,64,5.11,DSV
IPT0216,IPT,Infrastructure,ALF,SUPPLIER A,System x3850 X5 -[7143B1G]-,06D3961,Fisica,VMWARE,VMware ESXi 6.0.0 build-9239799,64,6.0.0 build-9239799,PRD
IPT0240,IPT,Infrastructure,NCI,SUPPLIER A,System x3850 X5 -[71451RG]-,0689037,Fisica,VMWARE,VMware ESXi 5.5.0 build-2718055,64,5.5.0 build-2718055,PRD
IPT0313,IPT,Infrastructure,NCI,SUPPLIER A,SYSTEM X,0689029,Fisica,Linux,Linux RHEL 7,64,7.8,PRD
IPT0239,IPT,Infrastructure,NCI,SUPPLIER A,System x3850 X5 -[71451RG]-,0689027,Fisica,VMWARE,VMware ESXi 5.5.0 build-2718055,64,5.5.0 build-2718055,PRD
IPT0001,IPT,Infrastructure,ALF,SUPPLIER A,Sun Solaris,0510AN00D7,Fisica,SOLARIS,SOLARIS|5.10,64,5.10,PRD
IPT0022,IPT,Infrastructure,ALF,SUPPLIER A,System x3850 X5 -[71451RG]-,689042,Virtual,Linux,Linux RHEL 5,64,5.10,QUA
IPT0138,IPT,Infrastructure,ALF,SUPPLIER A,System x3850 X5 -[71451RG]-,689042,Virtual,Windows,Windows 2008,64,6.1.7601  Server 2008 R2 Std x64 SP 1,PRD
IPT0217,IPT,Infrastructure,ALF,SUPPLIER A,System x3850 X5 -[71451RG]-,689042,Fisica,VMWARE,VMware ESXi 6.0.0 build-9239799,64,6.0.0 build-9239799,PRD
IPT0009,IPT,Infrastructure,ALF,SUPPLIER A,System x3850 X5 -[71451RG]-,689041,Virtual,Windows,Windows 2008,64,6.1.7601  Server 2008 R2 Ent x64 SP 1,QUA
IPT0173,IPT,Infrastructure,ALF,SUPPLIER A,System x3850 X5 -[71451RG]-,689041,Virtual,Windows,Windows 2003,64,2003 Standard (32-bit),PRD
IPT0174,IPT,Infrastructure,ALF,SUPPLIER A,System x3850 X5 -[71451RG]-,689041,Virtual,Windows,Windows 2003,64,2003 Standard (32-bit),PRD
IPT0215,IPT,Infrastructure,ALF,SUPPLIER A,System x3850 X5 -[71451RG]-,689041,Fisica,VMWARE,VMware ESXi 6.0.0 build-9239799,64,6.0.0 build-9239799,PRD
IPT0010,IPT,Infrastructure,ALF,SUPPLIER A,System x3850 X5 -[71451RG]-,689040,Virtual,Windows,Windows 2008,64,6.1.7601  Server 2008 R2 Ent x64 SP 1,QUA
IPT0167,IPT,Infrastructure,ALF,SUPPLIER A,System x3850 X5 -[71451RG]-,689040,Virtual,Windows,Windows 2003,64,2003 Standard (32-bit),PRD
IPT0213,IPT,Infrastructure,ALF,SUPPLIER A,System x3850 X5 -[71451RG]-,689040,Fisica,VMWARE,VMware ESXi 6.0.0 build-9239799,64,6.0.0 build-9239799,PRD
IPT0219,IPT,Infrastructure,ALF,SUPPLIER A,System x3850 X5 -[71451RG]-,689038,Fisica,VMWARE,VMware ESXi 6.0.0 build-9239799,64,6.0.0 build-9239799,PRD
IPT0020,IPT,Infrastructure,NCI,SUPPLIER A,System x3850 X5 -[71451RG]-,689037,Virtual,Linux,Linux RHEL 6,64,6.9,QUA
IPT0234,IPT,Infrastructure,NCI,SUPPLIER A,System x3850 X5 -[71451RG]-,689037,Virtual,Windows,Windows 2012,64,6.3.9600  Server 2012 R2 Std x64,PRD
IPT0014,IPT,Infrastructure,ALF,SUPPLIER A,System x3850 X5 -[71451RG]-,689034,Virtual,Windows,Windows 2008,64,6.0.6003  Server 2008 Std SP 2,QUA
IPT0120,IPT,Infrastructure,ALF,SUPPLIER A,System x3850 X5 -[71451RG]-,689034,Virtual,Windows,Windows 2003,64,2003 Standard (32-bit),PRD
IPT0168,IPT,Infrastructure,ALF,SUPPLIER A,System x3850 X5 -[71451RG]-,689034,Virtual,Windows,Windows 2003,64,2003 Standard (32-bit),PRD
IPT0169,IPT,Infrastructure,ALF,SUPPLIER A,System x3850 X5 -[71451RG]-,689034,Virtual,Windows,Windows 2003,64,2003 Standard (32-bit),PRD
IPT0171,IPT,Infrastructure,ALF,SUPPLIER A,System x3850 X5 -[71451RG]-,689034,Virtual,Windows,Windows 2003,64,2003 Standard (32-bit),PRD
IPT0214,IPT,Infrastructure,ALF,SUPPLIER A,System x3850 X5 -[71451RG]-,689034,Fisica,VMWARE,VMware ESXi 6.0.0 build-9239799,64,6.0.0 build-9239799,PRD
IPT0172,IPT,Infrastructure,ALF,SUPPLIER A,System x3850 X5 -[71451RG]-,689031,Virtual,Windows,Windows 2003,64,2003 Standard (32-bit),PRD
IPT0220,IPT,Infrastructure,ALF,SUPPLIER A,System x3850 X5 -[71451RG]-,689031,Fisica,VMWARE,VMware ESXi 6.0.0 build-9239799,64,6.0.0 build-9239799,PRD
IPT0125,IPT,Infrastructure,NCI,SUPPLIER A,System x3850 X5 -[71451RG]-,689027,Virtual,Linux,Linux RHEL 6,64,7.9,PRD
IPT0126,IPT,Infrastructure,NCI,SUPPLIER A,System x3850 X5 -[71451RG]-,689027,Virtual,Linux,Linux RHEL 6,64,7.9,PRD
IPT0127,IPT,Infrastructure,NCI,SUPPLIER A,System x3850 X5 -[71451RG]-,689027,Virtual,Linux,Linux RHEL 6,64,7.9,PRD
IPT0137,IPT,Infrastructure,NCI,SUPPLIER A,System x3850 X5 -[71451RG]-,689027,Virtual,Windows,Windows 2012,64,6.3.9600  Server 2012 R2 DC x64,PRD
IPT0202,IPT,Infrastructure,NCI,SUPPLIER A,System x3850 X5 -[71451RG]-,689027,Virtual,Linux,Linux RHEL 6,64,6.9,PRD
IPT0124,IPT,Infrastructure,ALF,SUPPLIER A,-[71451RG]-,646575,Virtual,Linux,Linux RHEL 7,64,7.9,PRD
IPT0221,IPT,Infrastructure,ALF,SUPPLIER A,-[71451RG]-,646575,Fisica,VMWARE,VMware ESXi 6.0.0 build-9239799,64,6.0.0 build-9239799,PRD
IPT0233,IPT,Infrastructure,ALF,SUPPLIER A,-[71451RG]-,646575,Virtual,Windows,Windows 2012,64,6.3.9600  Server 2012 R2 Std x64,PRD
IPT0150,IPT,Infrastructure,NCI,SUPPLIER A,ProLiant BL460c Gen8,X6YTPYY3,Virtual,Linux,Linux RHEL 7,64,7.8,DSV
IPT0024,IPT,Infrastructure,NCI,SUPPLIER A,PSERIES,AVE76V3P,Virtual,AIX,AIX|7.2.0.0,64,7.2.0.0,QUA
IPT0025,IPT,Infrastructure,NCI,SUPPLIER A,PSERIES,2ZTHNSDW,Virtual,AIX,AIX|7.1.0.0,64,7.1 7100-04-04-1717,QUA
IPT0026,IPT,Infrastructure,NCI,SUPPLIER A,PSERIES,6FRYRMSK,Virtual,AIX,AIX|7.2.0.0,64,7.2.0.0,QUA
IPT0027,IPT,Infrastructure,ALF,SUPPLIER A,PSERIES,78C8VYGH,Virtual,AIX,AIX|5.3.0.0,64,5.3.0.0,QUA
IPT0028,IPT,Infrastructure,ALF,SUPPLIER A,PSERIES,7F4YXBUJ,Virtual,AIX,AIX|7.1.0.0,64,7.1.0.0,QUA
IPT0029,IPT,Infrastructure,ALF,SUPPLIER A,PSERIES,87CNT9D8,Virtual,AIX,AIX|5.3.0.0,64,5.3.0.0,QUA
IPT0045,IPT,Infrastructure,ALF,SUPPLIER A,PSERIES,8BNN479T,Virtual,AIX,AIX|7.1.0.0,64,7.1.0.0,PRD
IPT0121,IPT,Infrastructure,ALF,SUPPLIER A,PSERIES,BHV24BE3,Virtual,AIX,AIX|7.1.0.0,64,7.1.0.0,PRD
IPT0122,IPT,Infrastructure,ALF,SUPPLIER A,PSERIES,CC7QVQ5M,Virtual,AIX,AIX|5.3.0.0,64,5.3 5300-12-09-1341,PRD
IPT0123,IPT,Infrastructure,ALF,SUPPLIER A,PSERIES,CRWVDANB,Virtual,AIX,AIX|5.3.0.0,64,5.3.0.0,DSV
IPT0129,IPT,Infrastructure,ALF,SUPPLIER A,PSERIES,CTAURTEZ,Virtual,AIX,AIX|7.2.0.0,64,7.2.0.0,PRD
IPT0130,IPT,Infrastructure,ALF,SUPPLIER A,PSERIES,DKLQ49TJ,Virtual,AIX,AIX|7.2.0.0,64,7.2.0.0,PRD
IPT0131,IPT,Infrastructure,ALF,SUPPLIER A,PSERIES,EDMVPVDR,Virtual,AIX,AIX|7.2.0.0,64,7.2.0.0,PRD
IPT0132,IPT,Infrastructure,ALF,SUPPLIER A,PSERIES,EMFFGZHM,Virtual,AIX,AIX|7.1.0.0,64,7.1.0.0,PRD
IPT0140,IPT,Infrastructure,ALF,SUPPLIER A,PSERIES,EUCDYJEN,Virtual,AIX,AIX|6.1.0.0,64,6.1.0.0,PRD
IPT0141,IPT,Infrastructure,ALF,SUPPLIER A,PSERIES,HP2363FP,Virtual,AIX,AIX|7.1.0.0,64,7.1.0.0,DSV
IPT0142,IPT,Infrastructure,ALF,SUPPLIER A,PSERIES,HQHXH6C8,Virtual,AIX,AIX|6.1.0.0,64,6.1.0.0,DSV
IPT0143,IPT,Infrastructure,ALF,SUPPLIER A,PSERIES,JGYKQYJC,Virtual,AIX,AIX|6.1.0.0,64,6.1.0.0,PRD
IPT0144,IPT,Infrastructure,ALF,SUPPLIER A,PSERIES,KYSMGGHG,Virtual,AIX,AIX|6.1.0.0,64,6.1.0.0,DSV
IPT0245,IPT,Infrastructure,ALF,SUPPLIER A,PSERIES,M6M38BM6,Virtual,AIX,AIX|7.1.0.0,64,7.1.0.0,PRD
IPT0133,IPT,Infrastructure,ALF,SUPPLIER A,Power 780,NJ5MYU7B,Virtual,AIX,VIO SERVER|2.2.6.65,64,2.2.6.65,PRD
IPT0134,IPT,Infrastructure,ALF,SUPPLIER A,Power 780,PMERJH4J,Virtual,AIX,VIO SERVER|2.2.6.65,64,2.2.6.65,PRD
IPT0146,IPT,Infrastructure,ALF,SUPPLIER A,Power 780,QXJH9UER,Virtual,AIX,VIOS 2.2.6.10,64,2.2.6.10,DSV
IPT0147,IPT,Infrastructure,ALF,SUPPLIER A,Power 780,RQTBVN2T,Virtual,AIX,AIX|6.1.0.0,64,6.1.0.0,DSV
IPT0148,IPT,Infrastructure,NCI,SUPPLIER A,Power 780,RYNPF9CZ,Virtual,AIX,VIOS 2.2.3.3,64,2.2.3.3,DSV
IPT0149,IPT,Infrastructure,NCI,SUPPLIER A,Power 780,T77REFSQ,Virtual,AIX,VIOS 2.2.3.3,64,2.2.3.3,DSV
IPT0358,IPT,Infrastructure,NCI,SUPPLIER A,BLADE SERVER HP,U7VQTLXW,Fisica,LINUX,HP-UX,64, B.11,PRD
IPT0359,IPT,Infrastructure,NCI,SUPPLIER A,BLADE SERVER HP,V48NR8LT,Fisica,LINUX,HP-UX,64, B.11,PRD
IPT0128,IPT,Infrastructure,ALF,SUPPLIER A,BLADE SERVER HP,WNTB3NQK,Fisica,Linux,HMC,64,unknown,DSV
IPT0135,IPT,Infrastructure,NCI,SUPPLIER A,BLADE SERVER HP,XEE8ZMZK,Fisica,Linux,HMC,64,unknown,PRD
IPT0136,IPT,Infrastructure,ALF,SUPPLIER A,BLADE SERVER HP,XJ78G6B9,Fisica,Linux,Linux,64,unknown,PRD
IPT0152,IPT,Infrastructure,NCI,SUPPLIER A,BLADE SERVER HP,Z2MAVPQA,Fisica,Linux,"CentOS Linux VERSION=""7 (Core)""",64,"7 (Core)""",DSV
